RollNumber,FullName,Email,Gender,Programme,Year
2023CS10145,Aryan Sharma,aryan.sharma@iit.ac.in,Male,B.Tech,3
2025ME20012,Kavya Desai,kavya.desai@iit.ac.in,Female,M.Tech,2
2023EE10234,Rohan Gupta,rohan.gupta@iit.ac.in,Male,B.Tech,3
2022PH30045,Meera Reddy,meera.reddy@iit.ac.in,Female,PhD,4
2025CH40011,Aditi Verma,aditi.verma@iit.ac.in,Female,M.Sc,1
2022CS10088,Vikram Singh,vikram.singh@iit.ac.in,Male,B.Tech,4
2023CE10121,Sana Khan,sana.khan@iit.ac.in,Female,B.Tech,3
2025EE20005,Rahul Iyer,rahul.iyer@iit.ac.in,Male,M.Tech,1
2021MA30019,Arjun Nair,arjun.nair@iit.ac.in,Male,PhD,5
2024PH40022,Priya Patel,priya.patel@iit.ac.in,Female,M.Sc,2
2023ME10055,Karthik Reddy,karthik.reddy@iit.ac.in,Male,B.Tech,3
2023CS10189,Ananya Sharma,ananya.sharma@iit.ac.in,Female,B.Tech,3
2025PH00100,Kriti Patel,kriti.patel13@iit.ac.in,Female,M.Tech,1
2024CH00101,Siddharth Sharma,siddharth.sharma14@iit.ac.in,Male,M.Sc,2
2025BT00102,Barkha Reddy,barkha.reddy15@iit.ac.in,Female,PhD,1
2024CS00103,Tanvi Patel,tanvi.patel16@iit.ac.in,Female,M.Sc,2
2025ME00104,Aditi Sharma,aditi.sharma17@iit.ac.in,Female,M.Sc,1
2025CE00105,Tarun Chatterjee,tarun.chatterjee18@iit.ac.in,Male,M.Sc,1
2025CS00106,Dev Khanna,dev.khanna19@iit.ac.in,Male,M.Tech,1
2025ME00107,Komal Bhattacharya,komal.bhattacharya20@iit.ac.in,Female,M.Tech,1
2022EE00108,Isha Joshi,isha.joshi21@iit.ac.in,Female,B.Tech,4
2024ME00109,Simran Bhat,simran.bhat22@iit.ac.in,Female,M.Tech,2
2024ME00110,Riya Chawla,riya.chawla23@iit.ac.in,Female,M.Tech,2
2023CS00111,Mayank Sharma,mayank.sharma24@iit.ac.in,Male,PhD,3
2024EE00112,Krishna Bhasin,krishna.bhasin25@iit.ac.in,Male,B.Tech,2
2022PH00113,Charu Khan,charu.khan26@iit.ac.in,Female,PhD,4
2025MA00114,Nitin Nair,nitin.nair27@iit.ac.in,Male,B.Tech,1
2025PH00115,Nitin Kulkarni,nitin.kulkarni28@iit.ac.in,Male,M.Tech,1
2023CH00116,Tushar Khanna,tushar.khanna29@iit.ac.in,Male,B.Tech,3
2022CS00117,Megha Gupta,megha.gupta30@iit.ac.in,Female,B.Tech,4
2024PH00118,Ishaan Tiwari,ishaan.tiwari31@iit.ac.in,Male,M.Tech,2
2024CH00119,Aditya Pandey,aditya.pandey32@iit.ac.in,Male,M.Tech,2
2023CE00120,Deepika Gupta,deepika.gupta33@iit.ac.in,Female,PhD,3
2025MA00121,Aarav Thakur,aarav.thakur34@iit.ac.in,Male,M.Sc,1
2024EE00122,Priya Chawla,priya.chawla35@iit.ac.in,Female,PhD,2
2024MA00123,Payal Dutta,payal.dutta36@iit.ac.in,Female,B.Tech,2
2024EE00124,Aditi Kulkarni,aditi.kulkarni37@iit.ac.in,Female,B.Tech,2
2025CE00125,Karthik Saxena,karthik.saxena38@iit.ac.in,Male,B.Tech,1
2022CS00126,Nandini Kumar,nandini.kumar39@iit.ac.in,Female,PhD,4
2025PH00127,Tara Kapoor,tara.kapoor40@iit.ac.in,Female,PhD,1
2021ME00128,Diya Shukla,diya.shukla41@iit.ac.in,Female,PhD,5
2024ME00129,Isha Singh,isha.singh42@iit.ac.in,Female,M.Tech,2
2025MA00130,Gautam Thakur,gautam.thakur43@iit.ac.in,Male,M.Sc,1
2022CE00131,Arjun Mishra,arjun.mishra44@iit.ac.in,Male,PhD,4
2022EE00132,Kriti Rao,kriti.rao45@iit.ac.in,Female,PhD,4
2022BT00133,Advait Khanna,advait.khanna46@iit.ac.in,Male,PhD,4
2024BT00134,Archana Patel,archana.patel47@iit.ac.in,Female,B.Tech,2
2025MA00135,Divya Pandey,divya.pandey48@iit.ac.in,Female,M.Tech,1
2024EE00136,Aryan Sharma,aryan.sharma49@iit.ac.in,Male,M.Sc,2
2025MA00137,Divya Pillai,divya.pillai50@iit.ac.in,Female,M.Tech,1
2023CE00138,Kiara Grom,kiara.grom51@iit.ac.in,Female,PhD,3
2025MA00139,Payal Saxena,payal.saxena52@iit.ac.in,Female,M.Sc,1
2023CS00140,Siddharth Tripathi,siddharth.tripathi53@iit.ac.in,Male,B.Tech,3
2025EE00141,Vanya Saxena,vanya.saxena54@iit.ac.in,Female,M.Sc,1
2024EE00142,Ansh Nair,ansh.nair55@iit.ac.in,Male,B.Tech,2
2024CS00143,Abhinav Saxena,abhinav.saxena56@iit.ac.in,Male,M.Tech,2
2022CE00144,Rashmi Tripathi,rashmi.tripathi57@iit.ac.in,Female,B.Tech,4
2025CH00145,Tanvi Tiwari,tanvi.tiwari58@iit.ac.in,Female,B.Tech,1
2024CS00146,Rashmi Bhattacharya,rashmi.bhattacharya59@iit.ac.in,Female,M.Sc,2
2025PH00147,Bhavna Chowdhury,bhavna.chowdhury60@iit.ac.in,Female,M.Sc,1
2022ME00148,Arjun Bhattacharya,arjun.bhattacharya61@iit.ac.in,Male,PhD,4
2024CE00149,Amit Pillai,amit.pillai62@iit.ac.in,Male,M.Tech,2
2024MA00150,Rashmi Patel,rashmi.patel63@iit.ac.in,Female,M.Tech,2
2025MA00151,Meera Mehta,meera.mehta64@iit.ac.in,Female,M.Tech,1
2025PH00152,Karthik Joshi,karthik.joshi65@iit.ac.in,Male,M.Sc,1
2024ME00153,Priya Chatterjee,priya.chatterjee66@iit.ac.in,Female,M.Tech,2
2024BT00154,Aryan Pillai,aryan.pillai67@iit.ac.in,Male,M.Tech,2
2023CH00155,Divya Dutta,divya.dutta68@iit.ac.in,Female,PhD,3
2024EE00156,Kriti Chawla,kriti.chawla69@iit.ac.in,Female,B.Tech,2
2021EE00157,Amit Reddy,amit.reddy70@iit.ac.in,Male,PhD,5
2024CE00158,Simran Chawla,simran.chawla71@iit.ac.in,Female,M.Tech,2
2024BT00159,Rahul Sood,rahul.sood72@iit.ac.in,Male,B.Tech,2
2024ME00160,Pankaj Rao,pankaj.rao73@iit.ac.in,Male,M.Sc,2
2024CH00161,Neha Verma,neha.verma74@iit.ac.in,Female,M.Tech,2
2024PH00162,Arjun Banerjee,arjun.banerjee75@iit.ac.in,Male,M.Sc,2
2022CS00163,Anjali Sharma,anjali.sharma76@iit.ac.in,Female,PhD,4
2025ME00164,Kiara Malhotra,kiara.malhotra77@iit.ac.in,Female,M.Sc,1
2024CE00165,Charu Kulkarni,charu.kulkarni78@iit.ac.in,Female,B.Tech,2
2023ME00166,Payal Malhotra,payal.malhotra79@iit.ac.in,Female,B.Tech,3
2024MA00167,Pooja Chatterjee,pooja.chatterjee80@iit.ac.in,Female,M.Tech,2
2025MA00168,Swati Bhasin,swati.bhasin81@iit.ac.in,Female,M.Tech,1
2022BT00169,Saurabh Shukla,saurabh.shukla82@iit.ac.in,Male,B.Tech,4
2025PH00170,Diya Joshi,diya.joshi83@iit.ac.in,Female,M.Sc,1
2025CE00171,Swati Sharma,swati.sharma84@iit.ac.in,Female,M.Tech,1
2025CH00172,Vikram Pandey,vikram.pandey85@iit.ac.in,Male,M.Tech,1
2024EE00173,Isha Shukla,isha.shukla86@iit.ac.in,Female,M.Tech,2
2023PH00174,Rohan Patel,rohan.patel87@iit.ac.in,Male,PhD,3
2022EE00175,Siddharth Iyer,siddharth.iyer88@iit.ac.in,Male,PhD,4
2021BT00176,Vanya Singh,vanya.singh89@iit.ac.in,Female,PhD,5
2024CE00177,Tarun Patel,tarun.patel90@iit.ac.in,Male,M.Sc,2
2025BT00178,Vishal Kumar,vishal.kumar91@iit.ac.in,Male,M.Sc,1
2024CE00179,Arjun Grom,arjun.grom92@iit.ac.in,Male,PhD,2
2024CS00180,Ishant Pandey,ishant.pandey93@iit.ac.in,Male,B.Tech,2
2025CH00181,Aditi Bhasin,aditi.bhasin94@iit.ac.in,Female,B.Tech,1
2025EE00182,Nisha Patel,nisha.patel95@iit.ac.in,Female,B.Tech,1
2024MA00183,Ananya Thakur,ananya.thakur96@iit.ac.in,Female,PhD,2
2025CH00184,Arjun Rao,arjun.rao97@iit.ac.in,Male,M.Tech,1
2025BT00185,Aditya Gupta,aditya.gupta98@iit.ac.in,Male,M.Sc,1
2025BT00186,Advait Grom,advait.grom99@iit.ac.in,Male,M.Tech,1
2024CS00187,Avani Sengupta,avani.sengupta100@iit.ac.in,Female,M.Tech,2
2025EE00188,Tara Sharma,tara.sharma101@iit.ac.in,Female,M.Sc,1
2025CS00189,Tara Bhat,tara.bhat102@iit.ac.in,Female,M.Tech,1
2025CH00190,Tushar Tiwari,tushar.tiwari103@iit.ac.in,Male,M.Sc,1
2025PH00191,Shreya Singh,shreya.singh104@iit.ac.in,Female,M.Tech,1
2025MA00192,Archana Iyer,archana.iyer105@iit.ac.in,Female,M.Tech,1
2024EE00193,Sneha Dutta,sneha.dutta106@iit.ac.in,Female,M.Tech,2
2023ME00194,Nitin Kulkarni,nitin.kulkarni107@iit.ac.in,Male,B.Tech,3
2023ME00195,Kabir Pandey,kabir.pandey108@iit.ac.in,Male,B.Tech,3
2024MA00196,Aditya Agarwal,aditya.agarwal109@iit.ac.in,Male,PhD,2
2024ME00197,Swati Grom,swati.grom110@iit.ac.in,Female,M.Sc,2
2024CS00198,Vivaan Patel,vivaan.patel111@iit.ac.in,Male,B.Tech,2
2025CS00199,Payal Bhattacharya,payal.bhattacharya112@iit.ac.in,Female,B.Tech,1
2025CE00200,Kunal Malhotra,kunal.malhotra113@iit.ac.in,Male,M.Sc,1
2025BT00201,Gautam Desai,gautam.desai114@iit.ac.in,Male,M.Sc,1
2024CH00202,Amit Sood,amit.sood115@iit.ac.in,Male,M.Sc,2
2025EE00203,Saurabh Sood,saurabh.sood116@iit.ac.in,Male,M.Tech,1
2025BT00204,Ananya Sengupta,ananya.sengupta117@iit.ac.in,Female,PhD,1
2022ME00205,Richa Rao,richa.rao118@iit.ac.in,Female,PhD,4
2023MA00206,Komal Sengupta,komal.sengupta119@iit.ac.in,Female,B.Tech,3
2024ME00207,Diya Desai,diya.desai120@iit.ac.in,Female,B.Tech,2
2024CS00208,Tushar Joshi,tushar.joshi121@iit.ac.in,Male,M.Sc,2
2025MA00209,Trisha Verma,trisha.verma122@iit.ac.in,Female,B.Tech,1
2025ME00210,Reyansh Reddy,reyansh.reddy123@iit.ac.in,Male,M.Tech,1
2025EE00211,Payal Chawla,payal.chawla124@iit.ac.in,Female,M.Tech,1
2024PH00212,Abhinav Sharma,abhinav.sharma125@iit.ac.in,Male,PhD,2
2021EE00213,Manish Pandey,manish.pandey126@iit.ac.in,Male,PhD,5
2025BT00214,Archana Bhasin,archana.bhasin127@iit.ac.in,Female,M.Tech,1
2025CE00215,Rahul Iyer,rahul.iyer128@iit.ac.in,Male,B.Tech,1
2023CS00216,Ishant Agarwal,ishant.agarwal129@iit.ac.in,Male,B.Tech,3
2022MA00217,Payal Shukla,payal.shukla130@iit.ac.in,Female,B.Tech,4
2022CS00218,Charu Verma,charu.verma131@iit.ac.in,Female,PhD,4
2025PH00219,Nitin Verma,nitin.verma132@iit.ac.in,Male,M.Tech,1
2024MA00220,Bhavna Nair,bhavna.nair133@iit.ac.in,Female,M.Tech,2
2023CE00221,Riya Rao,riya.rao134@iit.ac.in,Female,PhD,3
2024EE00222,Ishaan Banerjee,ishaan.banerjee135@iit.ac.in,Male,B.Tech,2
2025PH00223,Arjun Rao,arjun.rao136@iit.ac.in,Male,M.Tech,1
2024BT00224,Sachin Shukla,sachin.shukla137@iit.ac.in,Male,B.Tech,2
2025CS00225,Deepak Shukla,deepak.shukla138@iit.ac.in,Male,B.Tech,1
2025ME00226,Shreya Rao,shreya.rao139@iit.ac.in,Female,M.Tech,1
2024EE00227,Barkha Nanda,barkha.nanda140@iit.ac.in,Female,B.Tech,2
2025ME00228,Saurabh Bhasin,saurabh.bhasin141@iit.ac.in,Male,M.Tech,1
2021EE00229,Arjun Verma,arjun.verma142@iit.ac.in,Male,PhD,5
2022CE00230,Vivaan Reddy,vivaan.reddy143@iit.ac.in,Male,B.Tech,4
2024CE00231,Dev Joshi,dev.joshi144@iit.ac.in,Male,M.Tech,2
2023PH00232,Kiara Pandey,kiara.pandey145@iit.ac.in,Female,B.Tech,3
2025MA00233,Barkha Sengupta,barkha.sengupta146@iit.ac.in,Female,M.Tech,1
2024BT00234,Aditi Chawla,aditi.chawla147@iit.ac.in,Female,M.Sc,2
2022EE00235,Anjali Gupta,anjali.gupta148@iit.ac.in,Female,B.Tech,4
2023CS00236,Varun Khan,varun.khan149@iit.ac.in,Male,PhD,3
2024ME00237,Diya Khanna,diya.khanna150@iit.ac.in,Female,M.Tech,2
2024CE00238,Pooja Mehta,pooja.mehta151@iit.ac.in,Female,M.Sc,2
2024CH00239,Trisha Saxena,trisha.saxena152@iit.ac.in,Female,B.Tech,2
2025MA00240,Gautam Verma,gautam.verma153@iit.ac.in,Male,M.Tech,1
2024PH00241,Deepak Bhattacharya,deepak.bhattacharya154@iit.ac.in,Male,M.Tech,2
2024CS00242,Shruti Pillai,shruti.pillai155@iit.ac.in,Female,M.Tech,2
2024PH00243,Vikram Khanna,vikram.khanna156@iit.ac.in,Male,M.Tech,2
2022CH00244,Tara Reddy,tara.reddy157@iit.ac.in,Female,B.Tech,4
2024MA00245,Karthik Rao,karthik.rao158@iit.ac.in,Male,M.Tech,2
2025CH00246,Meera Rao,meera.rao159@iit.ac.in,Female,M.Sc,1
2021ME00247,Rohan Chowdhury,rohan.chowdhury160@iit.ac.in,Male,PhD,5
2024CS00248,Shreya Tripathi,shreya.tripathi161@iit.ac.in,Female,M.Sc,2
2024CE00249,Deepika Patel,deepika.patel162@iit.ac.in,Female,M.Sc,2
2024PH00250,Yash Agarwal,yash.agarwal163@iit.ac.in,Male,M.Tech,2
2024EE00251,Shaurya Sengupta,shaurya.sengupta164@iit.ac.in,Male,B.Tech,2
2024CE00252,Riya Chatterjee,riya.chatterjee165@iit.ac.in,Female,M.Sc,2
2024ME00253,Pankaj Tiwari,pankaj.tiwari166@iit.ac.in,Male,M.Sc,2
2025CE00254,Richa Thakur,richa.thakur167@iit.ac.in,Female,M.Tech,1
2022ME00255,Pankaj Tripathi,pankaj.tripathi168@iit.ac.in,Male,B.Tech,4
2024PH00256,Sanya Shukla,sanya.shukla169@iit.ac.in,Female,M.Sc,2
2025CE00257,Meera Tiwari,meera.tiwari170@iit.ac.in,Female,M.Sc,1
2024CE00258,Tara Mehta,tara.mehta171@iit.ac.in,Female,M.Sc,2
2024CE00259,Ishant Sood,ishant.sood172@iit.ac.in,Male,M.Tech,2
2025ME00260,Aditya Rao,aditya.rao173@iit.ac.in,Male,B.Tech,1
2022EE00261,Diya Kumar,diya.kumar174@iit.ac.in,Female,B.Tech,4
2025PH00262,Meera Banerjee,meera.banerjee175@iit.ac.in,Female,PhD,1
2024BT00263,Meera Chatterjee,meera.chatterjee176@iit.ac.in,Female,M.Tech,2
2024PH00264,Vivaan Singh,vivaan.singh177@iit.ac.in,Male,M.Tech,2
2024CS00265,Sanya Desai,sanya.desai178@iit.ac.in,Female,PhD,2
2024CH00266,Gautam Sengupta,gautam.sengupta179@iit.ac.in,Male,PhD,2
2024ME00267,Tanvi Sood,tanvi.sood180@iit.ac.in,Female,M.Tech,2
2024CH00268,Anjali Chatterjee,anjali.chatterjee181@iit.ac.in,Female,M.Sc,2
2024EE00269,Ansh Dutta,ansh.dutta182@iit.ac.in,Male,PhD,2
2024MA00270,Nitin Sood,nitin.sood183@iit.ac.in,Male,PhD,2
2022CS00271,Aditya Khan,aditya.khan184@iit.ac.in,Male,B.Tech,4
2023EE00272,Rahul Nanda,rahul.nanda185@iit.ac.in,Male,PhD,3
2025PH00273,Barkha Kulkarni,barkha.kulkarni186@iit.ac.in,Female,B.Tech,1
2022CE00274,Sana Sharma,sana.sharma187@iit.ac.in,Female,B.Tech,4
2025MA00275,Shaurya Agarwal,shaurya.agarwal188@iit.ac.in,Male,M.Tech,1
2024BT00276,Aryan Saxena,aryan.saxena189@iit.ac.in,Male,M.Tech,2
2025BT00277,Diya Sharma,diya.sharma190@iit.ac.in,Female,M.Sc,1
2025EE00278,Barkha Nair,barkha.nair191@iit.ac.in,Female,B.Tech,1
2025PH00279,Kiara Bhasin,kiara.bhasin192@iit.ac.in,Female,M.Tech,1
2022MA00280,Nisha Nair,nisha.nair193@iit.ac.in,Female,B.Tech,4
2024CS00281,Aanya Joshi,aanya.joshi194@iit.ac.in,Female,PhD,2
2025CS00282,Shaurya Mishra,shaurya.mishra195@iit.ac.in,Male,M.Sc,1
2025PH00283,Priya Gupta,priya.gupta196@iit.ac.in,Female,M.Tech,1
2024ME00284,Tanvi Dutta,tanvi.dutta197@iit.ac.in,Female,M.Tech,2
2025CE00285,Anjali Chowdhury,anjali.chowdhury198@iit.ac.in,Female,M.Sc,1
2025BT00286,Tarun Chowdhury,tarun.chowdhury199@iit.ac.in,Male,M.Sc,1
2023BT00287,Swati Pandey,swati.pandey200@iit.ac.in,Female,PhD,3
2024BT00288,Rahul Nair,rahul.nair201@iit.ac.in,Male,M.Sc,2
2024CS00289,Vivaan Thakur,vivaan.thakur202@iit.ac.in,Male,M.Sc,2
2025BT00290,Richa Rao,richa.rao203@iit.ac.in,Female,M.Tech,1
2024ME00291,Archana Saxena,archana.saxena204@iit.ac.in,Female,M.Sc,2
2023EE00292,Varun Kumar,varun.kumar205@iit.ac.in,Male,PhD,3
2024CH00293,Ishant Dutta,ishant.dutta206@iit.ac.in,Male,M.Sc,2
2023MA00294,Aryan Singh,aryan.singh207@iit.ac.in,Male,PhD,3
2024CE00295,Mayank Rao,mayank.rao208@iit.ac.in,Male,M.Sc,2
2025CS00296,Rashmi Chatterjee,rashmi.chatterjee209@iit.ac.in,Female,M.Tech,1
2025CH00297,Abhinav Tiwari,abhinav.tiwari210@iit.ac.in,Male,B.Tech,1
2021ME00298,Meera Joshi,meera.joshi211@iit.ac.in,Female,PhD,5
2024CE00299,Richa Verma,richa.verma212@iit.ac.in,Female,B.Tech,2
2025CS00300,Manish Tiwari,manish.tiwari213@iit.ac.in,Male,B.Tech,1
2022EE00301,Diya Banerjee,diya.banerjee214@iit.ac.in,Female,B.Tech,4
2024ME00302,Mayank Banerjee,mayank.banerjee215@iit.ac.in,Male,M.Tech,2
2025ME00303,Shreya Khan,shreya.khan216@iit.ac.in,Female,M.Tech,1
2024BT00304,Meera Chatterjee,meera.chatterjee217@iit.ac.in,Female,M.Tech,2
2024EE00305,Ansh Mishra,ansh.mishra218@iit.ac.in,Male,B.Tech,2
2024ME00306,Shruti Tiwari,shruti.tiwari219@iit.ac.in,Female,M.Sc,2
2025CH00307,Ishaan Mehta,ishaan.mehta220@iit.ac.in,Male,M.Sc,1
2023CS00308,Aditya Kulkarni,aditya.kulkarni221@iit.ac.in,Male,B.Tech,3
2024PH00309,Anushka Bhat,anushka.bhat222@iit.ac.in,Female,M.Tech,2
2025CS00310,Aditya Khanna,aditya.khanna223@iit.ac.in,Male,B.Tech,1
2025EE00311,Archana Kulkarni,archana.kulkarni224@iit.ac.in,Female,M.Tech,1
2025MA00312,Deepak Sharma,deepak.sharma225@iit.ac.in,Male,M.Tech,1
2025EE00313,Reyansh Iyer,reyansh.iyer226@iit.ac.in,Male,M.Sc,1
2024EE00314,Aryan Sharma,aryan.sharma227@iit.ac.in,Male,B.Tech,2
2024ME00315,Ishaan Pillai,ishaan.pillai228@iit.ac.in,Male,M.Sc,2
2022BT00316,Saurabh Sood,saurabh.sood229@iit.ac.in,Male,B.Tech,4
2025MA00317,Diya Sood,diya.sood230@iit.ac.in,Female,B.Tech,1
2024BT00318,Ansh Nanda,ansh.nanda231@iit.ac.in,Male,PhD,2
2024BT00319,Reyansh Kumar,reyansh.kumar232@iit.ac.in,Male,M.Tech,2
2025CE00320,Kavya Patel,kavya.patel233@iit.ac.in,Female,M.Tech,1
2024ME00321,Trisha Kumar,trisha.kumar234@iit.ac.in,Female,M.Tech,2
2024CS00322,Vishal Malhotra,vishal.malhotra235@iit.ac.in,Male,M.Sc,2
2021PH00323,Aanya Joshi,aanya.joshi236@iit.ac.in,Female,PhD,5
2021EE00324,Komal Chawla,komal.chawla237@iit.ac.in,Female,PhD,5
2024EE00325,Mayank Bhasin,mayank.bhasin238@iit.ac.in,Male,PhD,2
2024BT00326,Avani Chowdhury,avani.chowdhury239@iit.ac.in,Female,M.Tech,2
2025EE00327,Nitin Tripathi,nitin.tripathi240@iit.ac.in,Male,PhD,1
2025CH00328,Aarav Patel,aarav.patel241@iit.ac.in,Male,M.Tech,1
2024ME00329,Deepika Banerjee,deepika.banerjee242@iit.ac.in,Female,M.Tech,2
2025CS00330,Karthik Chowdhury,karthik.chowdhury243@iit.ac.in,Male,M.Sc,1
2025EE00331,Charu Shukla,charu.shukla244@iit.ac.in,Female,M.Tech,1
2021MA00332,Anushka Iyer,anushka.iyer245@iit.ac.in,Female,PhD,5
2022BT00333,Aryan Sharma,aryan.sharma246@iit.ac.in,Male,PhD,4
2024MA00334,Vikram Malhotra,vikram.malhotra247@iit.ac.in,Male,B.Tech,2
2024CE00335,Diya Sood,diya.sood248@iit.ac.in,Female,M.Tech,2
2021ME00336,Sneha Thakur,sneha.thakur249@iit.ac.in,Female,PhD,5
2024BT00337,Ansh Dutta,ansh.dutta250@iit.ac.in,Male,M.Sc,2
2024ME00338,Nitin Desai,nitin.desai251@iit.ac.in,Male,B.Tech,2
2025CE00339,Abhinav Nanda,abhinav.nanda252@iit.ac.in,Male,M.Sc,1
2022CS00340,Simran Shah,simran.shah253@iit.ac.in,Female,PhD,4
2023BT00341,Shruti Singh,shruti.singh254@iit.ac.in,Female,B.Tech,3
2021CE00342,Atharv Bhattacharya,atharv.bhattacharya255@iit.ac.in,Male,PhD,5
2023CH00343,Aanya Dutta,aanya.dutta256@iit.ac.in,Female,PhD,3
2022CS00344,Anushka Kulkarni,anushka.kulkarni257@iit.ac.in,Female,PhD,4
2024ME00345,Rohan Chatterjee,rohan.chatterjee258@iit.ac.in,Male,PhD,2
2025MA00346,Archana Sharma,archana.sharma259@iit.ac.in,Female,M.Tech,1
2023CE00347,Swati Nanda,swati.nanda260@iit.ac.in,Female,PhD,3
2025CE00348,Amit Banerjee,amit.banerjee261@iit.ac.in,Male,PhD,1
2025MA00349,Deepak Verma,deepak.verma262@iit.ac.in,Male,M.Tech,1
2025MA00350,Yash Thakur,yash.thakur263@iit.ac.in,Male,M.Tech,1
2024PH00351,Harsh Rao,harsh.rao264@iit.ac.in,Male,M.Tech,2
2025ME00352,Swati Tiwari,swati.tiwari265@iit.ac.in,Female,M.Sc,1
2025EE00353,Shaurya Iyer,shaurya.iyer266@iit.ac.in,Male,B.Tech,1
2024CS00354,Priya Bhattacharya,priya.bhattacharya267@iit.ac.in,Female,M.Tech,2
2025PH00355,Deepak Chowdhury,deepak.chowdhury268@iit.ac.in,Male,B.Tech,1
2025ME00356,Kavya Chatterjee,kavya.chatterjee269@iit.ac.in,Female,PhD,1
2023PH00357,Isha Tiwari,isha.tiwari270@iit.ac.in,Female,PhD,3
2024EE00358,Shreya Reddy,shreya.reddy271@iit.ac.in,Female,M.Sc,2
2023CE00359,Varun Pillai,varun.pillai272@iit.ac.in,Male,PhD,3
2023CH00360,Yash Saxena,yash.saxena273@iit.ac.in,Male,B.Tech,3
2024ME00361,Manish Bhat,manish.bhat274@iit.ac.in,Male,B.Tech,2
2024MA00362,Shruti Sood,shruti.sood275@iit.ac.in,Female,M.Tech,2
2025CS00363,Vihaan Gupta,vihaan.gupta276@iit.ac.in,Male,M.Sc,1
2025PH00364,Harsh Bhat,harsh.bhat277@iit.ac.in,Male,M.Sc,1
2022MA00365,Mayank Sengupta,mayank.sengupta278@iit.ac.in,Male,PhD,4
2023BT00366,Nitin Agarwal,nitin.agarwal279@iit.ac.in,Male,B.Tech,3
2025CE00367,Swati Sengupta,swati.sengupta280@iit.ac.in,Female,M.Tech,1
2025PH00368,Aryan Pillai,aryan.pillai281@iit.ac.in,Male,M.Sc,1
2021CS00369,Kriti Iyer,kriti.iyer282@iit.ac.in,Female,PhD,5
2023BT00370,Kunal Khan,kunal.khan283@iit.ac.in,Male,PhD,3
2025EE00371,Sana Malhotra,sana.malhotra284@iit.ac.in,Female,B.Tech,1
2021CS00372,Pooja Sengupta,pooja.sengupta285@iit.ac.in,Female,PhD,5
2025CE00373,Aditya Saxena,aditya.saxena286@iit.ac.in,Male,M.Tech,1
2023EE00374,Komal Dutta,komal.dutta287@iit.ac.in,Female,B.Tech,3
2023CH00375,Priya Sengupta,priya.sengupta288@iit.ac.in,Female,B.Tech,3
2025BT00376,Barkha Kulkarni,barkha.kulkarni289@iit.ac.in,Female,M.Tech,1
2025CE00377,Reyansh Khan,reyansh.khan290@iit.ac.in,Male,M.Tech,1
2025MA00378,Vikram Kapoor,vikram.kapoor291@iit.ac.in,Male,M.Sc,1
2023ME00379,Karthik Mishra,karthik.mishra292@iit.ac.in,Male,B.Tech,3
2025CE00380,Bhavna Agarwal,bhavna.agarwal293@iit.ac.in,Female,B.Tech,1
2025EE00381,Divya Thakur,divya.thakur294@iit.ac.in,Female,M.Sc,1
2024CH00382,Deepak Agarwal,deepak.agarwal295@iit.ac.in,Male,B.Tech,2
2025CS00383,Ansh Mehta,ansh.mehta296@iit.ac.in,Male,PhD,1
2025BT00384,Bhavna Tripathi,bhavna.tripathi297@iit.ac.in,Female,M.Sc,1
2025CE00385,Richa Tripathi,richa.tripathi298@iit.ac.in,Female,M.Sc,1
2024ME00386,Vihaan Thakur,vihaan.thakur299@iit.ac.in,Male,M.Tech,2
2024EE00387,Megha Shah,megha.shah300@iit.ac.in,Female,M.Tech,2
2025EE00388,Shruti Bhasin,shruti.bhasin301@iit.ac.in,Female,M.Sc,1
2024CH00389,Nandini Sengupta,nandini.sengupta302@iit.ac.in,Female,M.Tech,2
2025CS00390,Charu Kumar,charu.kumar303@iit.ac.in,Female,M.Tech,1
2024BT00391,Tarun Shukla,tarun.shukla304@iit.ac.in,Male,M.Sc,2
2025CS00392,Neha Chatterjee,neha.chatterjee305@iit.ac.in,Female,M.Tech,1
2024BT00393,Isha Banerjee,isha.banerjee306@iit.ac.in,Female,M.Tech,2
2025ME00394,Siddharth Tiwari,siddharth.tiwari307@iit.ac.in,Male,M.Tech,1
2025ME00395,Amit Tiwari,amit.tiwari308@iit.ac.in,Male,B.Tech,1
2024CE00396,Richa Bhat,richa.bhat309@iit.ac.in,Female,M.Tech,2
2023EE00397,Tanvi Pillai,tanvi.pillai310@iit.ac.in,Female,B.Tech,3
2025MA00398,Ananya Banerjee,ananya.banerjee311@iit.ac.in,Female,M.Sc,1
2024CH00399,Yash Agarwal,yash.agarwal312@iit.ac.in,Male,M.Tech,2
2023CE00400,Saurabh Khan,saurabh.khan313@iit.ac.in,Male,B.Tech,3
2025BT00401,Megha Kulkarni,megha.kulkarni314@iit.ac.in,Female,M.Tech,1
2024CS00402,Tarun Tiwari,tarun.tiwari315@iit.ac.in,Male,PhD,2
2025ME00403,Aanya Joshi,aanya.joshi316@iit.ac.in,Female,PhD,1
2021MA00404,Kunal Chawla,kunal.chawla317@iit.ac.in,Male,PhD,5
2024CH00405,Komal Nair,komal.nair318@iit.ac.in,Female,M.Sc,2
2025CH00406,Kiara Sood,kiara.sood319@iit.ac.in,Female,B.Tech,1
2025BT00407,Siddharth Chowdhury,siddharth.chowdhury320@iit.ac.in,Male,M.Sc,1
2023MA00408,Mayank Chatterjee,mayank.chatterjee321@iit.ac.in,Male,B.Tech,3
2025EE00409,Aditya Desai,aditya.desai322@iit.ac.in,Male,M.Sc,1
2021CH00410,Ananya Mishra,ananya.mishra323@iit.ac.in,Female,PhD,5
2024EE00411,Sanya Agarwal,sanya.agarwal324@iit.ac.in,Female,M.Sc,2
2024EE00412,Swati Sengupta,swati.sengupta325@iit.ac.in,Female,M.Tech,2
2021EE00413,Meera Shah,meera.shah326@iit.ac.in,Female,PhD,5
2025EE00414,Aryan Nanda,aryan.nanda327@iit.ac.in,Male,B.Tech,1
2023PH00415,Vishal Sengupta,vishal.sengupta328@iit.ac.in,Male,B.Tech,3
2024MA00416,Nitin Malhotra,nitin.malhotra329@iit.ac.in,Male,M.Tech,2
2024BT00417,Nandini Chatterjee,nandini.chatterjee330@iit.ac.in,Female,M.Tech,2
2022ME00418,Krishna Patel,krishna.patel331@iit.ac.in,Male,B.Tech,4
2025PH00419,Kavya Malhotra,kavya.malhotra332@iit.ac.in,Female,M.Tech,1
2022BT00420,Shruti Agarwal,shruti.agarwal333@iit.ac.in,Female,B.Tech,4
2024ME00421,Aryan Mishra,aryan.mishra334@iit.ac.in,Male,M.Sc,2
2023EE00422,Reyansh Sengupta,reyansh.sengupta335@iit.ac.in,Male,PhD,3
2024ME00423,Anushka Patel,anushka.patel336@iit.ac.in,Female,M.Sc,2
2024PH00424,Pranav Kapoor,pranav.kapoor337@iit.ac.in,Male,M.Tech,2
2022CS00425,Riya Malhotra,riya.malhotra338@iit.ac.in,Female,B.Tech,4
2024CH00426,Deepak Pandey,deepak.pandey339@iit.ac.in,Male,B.Tech,2
2024CH00427,Deepika Reddy,deepika.reddy340@iit.ac.in,Female,M.Sc,2
2022CH00428,Pooja Bhattacharya,pooja.bhattacharya341@iit.ac.in,Female,B.Tech,4
2024ME00429,Anjali Mishra,anjali.mishra342@iit.ac.in,Female,M.Tech,2
2025PH00430,Archana Pillai,archana.pillai343@iit.ac.in,Female,B.Tech,1
2023CS00431,Abhinav Rao,abhinav.rao344@iit.ac.in,Male,PhD,3
2022CS00432,Kiara Chatterjee,kiara.chatterjee345@iit.ac.in,Female,PhD,4
2025ME00433,Nandini Malhotra,nandini.malhotra346@iit.ac.in,Female,M.Tech,1
2025PH00434,Rashmi Nair,rashmi.nair347@iit.ac.in,Female,M.Tech,1
2023ME00435,Payal Khanna,payal.khanna348@iit.ac.in,Female,B.Tech,3
2022MA00436,Amit Kulkarni,amit.kulkarni349@iit.ac.in,Male,B.Tech,4
2023MA00437,Ishaan Verma,ishaan.verma350@iit.ac.in,Male,PhD,3
2025ME00438,Shreya Khanna,shreya.khanna351@iit.ac.in,Female,M.Sc,1
2025CH00439,Arjun Shukla,arjun.shukla352@iit.ac.in,Male,M.Tech,1
2025ME00440,Sana Kapoor,sana.kapoor353@iit.ac.in,Female,B.Tech,1
2024EE00441,Deepak Kulkarni,deepak.kulkarni354@iit.ac.in,Male,M.Tech,2
2024ME00442,Megha Malhotra,megha.malhotra355@iit.ac.in,Female,B.Tech,2
2024MA00443,Sneha Patel,sneha.patel356@iit.ac.in,Female,B.Tech,2
2024PH00444,Aanya Dutta,aanya.dutta357@iit.ac.in,Female,B.Tech,2
2024ME00445,Aanya Sengupta,aanya.sengupta358@iit.ac.in,Female,PhD,2
2022CS00446,Kabir Bhasin,kabir.bhasin359@iit.ac.in,Male,B.Tech,4
2024CE00447,Swati Grom,swati.grom360@iit.ac.in,Female,B.Tech,2
2024ME00448,Diya Patel,diya.patel361@iit.ac.in,Female,M.Sc,2
2024PH00449,Kiara Mishra,kiara.mishra362@iit.ac.in,Female,M.Sc,2
2025CS00450,Simran Banerjee,simran.banerjee363@iit.ac.in,Female,B.Tech,1
2025CH00451,Abhinav Mishra,abhinav.mishra364@iit.ac.in,Male,M.Sc,1
2025BT00452,Rohan Sood,rohan.sood365@iit.ac.in,Male,M.Sc,1
2022ME00453,Ishant Desai,ishant.desai366@iit.ac.in,Male,B.Tech,4
2025BT00454,Siddharth Rao,siddharth.rao367@iit.ac.in,Male,M.Tech,1
2022MA00455,Ishant Chatterjee,ishant.chatterjee368@iit.ac.in,Male,B.Tech,4
2025ME00456,Advait Kulkarni,advait.kulkarni369@iit.ac.in,Male,M.Tech,1
2025ME00457,Neha Agarwal,neha.agarwal370@iit.ac.in,Female,M.Sc,1
2024CH00458,Payal Reddy,payal.reddy371@iit.ac.in,Female,M.Tech,2
2023CS00459,Shaurya Grom,shaurya.grom372@iit.ac.in,Male,B.Tech,3
2024ME00460,Isha Sood,isha.sood373@iit.ac.in,Female,PhD,2
2025MA00461,Pankaj Tiwari,pankaj.tiwari374@iit.ac.in,Male,B.Tech,1
2024BT00462,Sneha Khanna,sneha.khanna375@iit.ac.in,Female,PhD,2
2025CS00463,Aarav Patel,aarav.patel376@iit.ac.in,Male,M.Sc,1
2025CS00464,Meera Thakur,meera.thakur377@iit.ac.in,Female,M.Tech,1
2025CE00465,Neha Shah,neha.shah378@iit.ac.in,Female,M.Tech,1
2024CS00466,Anjali Sharma,anjali.sharma379@iit.ac.in,Female,B.Tech,2
2025EE00467,Divya Nair,divya.nair380@iit.ac.in,Female,M.Sc,1
2025ME00468,Pooja Sood,pooja.sood381@iit.ac.in,Female,PhD,1
2024BT00469,Avani Nanda,avani.nanda382@iit.ac.in,Female,M.Sc,2
2025ME00470,Deepak Shah,deepak.shah383@iit.ac.in,Male,M.Tech,1
2024BT00471,Utkarsh Pandey,utkarsh.pandey384@iit.ac.in,Male,M.Sc,2
2021MA00472,Payal Thakur,payal.thakur385@iit.ac.in,Female,PhD,5
2021CS00473,Advait Kulkarni,advait.kulkarni386@iit.ac.in,Male,PhD,5
2022BT00474,Neha Mishra,neha.mishra387@iit.ac.in,Female,PhD,4
2025CH00475,Aarav Reddy,aarav.reddy388@iit.ac.in,Male,M.Sc,1
2024CS00476,Vivaan Bhasin,vivaan.bhasin389@iit.ac.in,Male,B.Tech,2
2025CE00477,Dev Dutta,dev.dutta390@iit.ac.in,Male,M.Sc,1
2025MA00478,Kunal Banerjee,kunal.banerjee391@iit.ac.in,Male,M.Tech,1
2025MA00479,Komal Saxena,komal.saxena392@iit.ac.in,Female,M.Sc,1
2025EE00480,Richa Tripathi,richa.tripathi393@iit.ac.in,Female,B.Tech,1
2021CH00481,Sana Sengupta,sana.sengupta394@iit.ac.in,Female,PhD,5
2023CH00482,Karthik Mehta,karthik.mehta395@iit.ac.in,Male,B.Tech,3
2022EE00483,Vishal Verma,vishal.verma396@iit.ac.in,Male,B.Tech,4
2025CS00484,Karthik Thakur,karthik.thakur397@iit.ac.in,Male,B.Tech,1
2022PH00485,Divya Gupta,divya.gupta398@iit.ac.in,Female,PhD,4
2024CE00486,Aarav Nair,aarav.nair399@iit.ac.in,Male,M.Tech,2
2025EE00487,Diya Desai,diya.desai400@iit.ac.in,Female,M.Sc,1
2023CS00488,Nisha Shukla,nisha.shukla401@iit.ac.in,Female,B.Tech,3
2024PH00489,Gautam Desai,gautam.desai402@iit.ac.in,Male,M.Tech,2
2025CS00490,Siddharth Chatterjee,siddharth.chatterjee403@iit.ac.in,Male,M.Tech,1
2025MA00491,Sanya Kapoor,sanya.kapoor404@iit.ac.in,Female,M.Tech,1
2025PH00492,Deepak Khanna,deepak.khanna405@iit.ac.in,Male,M.Sc,1
2024CS00493,Atharv Nair,atharv.nair406@iit.ac.in,Male,M.Tech,2
2025BT00494,Swati Gupta,swati.gupta407@iit.ac.in,Female,M.Tech,1
2024CH00495,Komal Nair,komal.nair408@iit.ac.in,Female,M.Sc,2
2023CH00496,Tarun Banerjee,tarun.banerjee409@iit.ac.in,Male,B.Tech,3
2025MA00497,Vanya Agarwal,vanya.agarwal410@iit.ac.in,Female,M.Tech,1
2025PH00498,Sana Sood,sana.sood411@iit.ac.in,Female,M.Sc,1
2025CS00499,Vanya Shukla,vanya.shukla412@iit.ac.in,Female,PhD,1
2025ME00500,Vanya Dutta,vanya.dutta413@iit.ac.in,Female,PhD,1
2025CS00501,Deepika Shukla,deepika.shukla414@iit.ac.in,Female,M.Tech,1
2025MA00502,Richa Dutta,richa.dutta415@iit.ac.in,Female,B.Tech,1
2025MA00503,Vivaan Desai,vivaan.desai416@iit.ac.in,Male,M.Tech,1
2024CS00504,Bhavna Chowdhury,bhavna.chowdhury417@iit.ac.in,Female,M.Sc,2
2025CE00505,Kabir Chowdhury,kabir.chowdhury418@iit.ac.in,Male,M.Sc,1
2022CH00506,Bhavna Verma,bhavna.verma419@iit.ac.in,Female,B.Tech,4
2023ME00507,Simran Shah,simran.shah420@iit.ac.in,Female,PhD,3
2025ME00508,Sneha Chatterjee,sneha.chatterjee421@iit.ac.in,Female,B.Tech,1
2022ME00509,Sachin Saxena,sachin.saxena422@iit.ac.in,Male,PhD,4
2025CH00510,Ansh Kapoor,ansh.kapoor423@iit.ac.in,Male,M.Tech,1
2024EE00511,Avani Shukla,avani.shukla424@iit.ac.in,Female,B.Tech,2
2025EE00512,Shaurya Malhotra,shaurya.malhotra425@iit.ac.in,Male,M.Sc,1
2024MA00513,Shreya Verma,shreya.verma426@iit.ac.in,Female,M.Tech,2
2025BT00514,Vishal Desai,vishal.desai427@iit.ac.in,Male,B.Tech,1
2025CH00515,Yash Sood,yash.sood428@iit.ac.in,Male,M.Sc,1
2022CH00516,Saurabh Malhotra,saurabh.malhotra429@iit.ac.in,Male,B.Tech,4
2025EE00517,Isha Saxena,isha.saxena430@iit.ac.in,Female,M.Sc,1
2021ME00518,Shreya Chatterjee,shreya.chatterjee431@iit.ac.in,Female,PhD,5
2023CE00519,Megha Kumar,megha.kumar432@iit.ac.in,Female,B.Tech,3
2024ME00520,Nisha Nanda,nisha.nanda433@iit.ac.in,Female,M.Sc,2
2024CS00521,Shruti Kapoor,shruti.kapoor434@iit.ac.in,Female,PhD,2
2025CE00522,Krishna Chawla,krishna.chawla435@iit.ac.in,Male,M.Sc,1
2023PH00523,Harsh Nanda,harsh.nanda436@iit.ac.in,Male,PhD,3
2021MA00524,Kavya Joshi,kavya.joshi437@iit.ac.in,Female,PhD,5
2025CE00525,Pankaj Khan,pankaj.khan438@iit.ac.in,Male,M.Sc,1
2022CH00526,Arjun Banerjee,arjun.banerjee439@iit.ac.in,Male,B.Tech,4
2022EE00527,Riya Patel,riya.patel440@iit.ac.in,Female,B.Tech,4
2025ME00528,Tara Tiwari,tara.tiwari441@iit.ac.in,Female,M.Tech,1
2023BT00529,Rahul Bhattacharya,rahul.bhattacharya442@iit.ac.in,Male,B.Tech,3
2023MA00530,Tushar Bhattacharya,tushar.bhattacharya443@iit.ac.in,Male,B.Tech,3
2025MA00531,Advait Shah,advait.shah444@iit.ac.in,Male,M.Tech,1
2022CE00532,Pankaj Verma,pankaj.verma445@iit.ac.in,Male,PhD,4
2025CE00533,Tanvi Iyer,tanvi.iyer446@iit.ac.in,Female,M.Tech,1
2024CE00534,Yash Kapoor,yash.kapoor447@iit.ac.in,Male,B.Tech,2
2025BT00535,Rahul Dutta,rahul.dutta448@iit.ac.in,Male,B.Tech,1
2024CS00536,Rahul Saxena,rahul.saxena449@iit.ac.in,Male,M.Sc,2
2025MA00537,Aanya Khan,aanya.khan450@iit.ac.in,Female,M.Tech,1
2024CE00538,Deepak Reddy,deepak.reddy451@iit.ac.in,Male,M.Sc,2
2025ME00539,Vihaan Bhattacharya,vihaan.bhattacharya452@iit.ac.in,Male,B.Tech,1
2025PH00540,Vikram Rao,vikram.rao453@iit.ac.in,Male,M.Tech,1
2025PH00541,Arjun Kulkarni,arjun.kulkarni454@iit.ac.in,Male,M.Sc,1
2024CH00542,Pranav Sengupta,pranav.sengupta455@iit.ac.in,Male,M.Tech,2
2024CS00543,Trisha Thakur,trisha.thakur456@iit.ac.in,Female,M.Tech,2
2024CH00544,Isha Reddy,isha.reddy457@iit.ac.in,Female,M.Tech,2
2025PH00545,Manish Nair,manish.nair458@iit.ac.in,Male,PhD,1
2025PH00546,Abhinav Verma,abhinav.verma459@iit.ac.in,Male,M.Sc,1
2025EE00547,Aditi Nanda,aditi.nanda460@iit.ac.in,Female,M.Sc,1
2022BT00548,Karthik Verma,karthik.verma461@iit.ac.in,Male,B.Tech,4
2024CH00549,Krishna Chatterjee,krishna.chatterjee462@iit.ac.in,Male,M.Tech,2
2025MA00550,Simran Saxena,simran.saxena463@iit.ac.in,Female,M.Tech,1
2024PH00551,Kavya Grom,kavya.grom464@iit.ac.in,Female,M.Tech,2
2024CH00552,Avani Sharma,avani.sharma465@iit.ac.in,Female,B.Tech,2
2024BT00553,Archana Bhat,archana.bhat466@iit.ac.in,Female,M.Tech,2
2024CS00554,Kabir Grom,kabir.grom467@iit.ac.in,Male,M.Tech,2
2025ME00555,Abhinav Malhotra,abhinav.malhotra468@iit.ac.in,Male,M.Tech,1
2024BT00556,Shaurya Thakur,shaurya.thakur469@iit.ac.in,Male,M.Tech,2
2023PH00557,Kabir Bhasin,kabir.bhasin470@iit.ac.in,Male,PhD,3
2024EE00558,Archana Rao,archana.rao471@iit.ac.in,Female,M.Tech,2
2022CH00559,Tushar Kulkarni,tushar.kulkarni472@iit.ac.in,Male,B.Tech,4
2024ME00560,Ishant Shah,ishant.shah473@iit.ac.in,Male,B.Tech,2
2024PH00561,Anjali Reddy,anjali.reddy474@iit.ac.in,Female,M.Sc,2
2021CE00562,Payal Pandey,payal.pandey475@iit.ac.in,Female,PhD,5
2025CE00563,Nisha Desai,nisha.desai476@iit.ac.in,Female,B.Tech,1
2025BT00564,Kiara Tripathi,kiara.tripathi477@iit.ac.in,Female,M.Sc,1
2025PH00565,Tara Nanda,tara.nanda478@iit.ac.in,Female,M.Sc,1
2024CS00566,Meera Pandey,meera.pandey479@iit.ac.in,Female,PhD,2
2022BT00567,Ananya Mehta,ananya.mehta480@iit.ac.in,Female,PhD,4
2024ME00568,Archana Bhasin,archana.bhasin481@iit.ac.in,Female,M.Tech,2
2025BT00569,Kunal Pillai,kunal.pillai482@iit.ac.in,Male,B.Tech,1
2025PH00570,Avani Nanda,avani.nanda483@iit.ac.in,Female,M.Tech,1
2025PH00571,Aryan Malhotra,aryan.malhotra484@iit.ac.in,Male,M.Sc,1
2023PH00572,Sana Sengupta,sana.sengupta485@iit.ac.in,Female,B.Tech,3
2025BT00573,Karthik Iyer,karthik.iyer486@iit.ac.in,Male,M.Tech,1
2022EE00574,Aarav Joshi,aarav.joshi487@iit.ac.in,Male,PhD,4
2024BT00575,Rashmi Banerjee,rashmi.banerjee488@iit.ac.in,Female,PhD,2
2025BT00576,Amit Bhat,amit.bhat489@iit.ac.in,Male,M.Tech,1
2025CH00577,Advait Nair,advait.nair490@iit.ac.in,Male,PhD,1
2023BT00578,Aditya Agarwal,aditya.agarwal491@iit.ac.in,Male,B.Tech,3
2022BT00579,Abhinav Bhasin,abhinav.bhasin492@iit.ac.in,Male,B.Tech,4
2024ME00580,Rohan Sengupta,rohan.sengupta493@iit.ac.in,Male,M.Sc,2
2021CS00581,Shaurya Nair,shaurya.nair494@iit.ac.in,Male,PhD,5
2025CS00582,Mayank Kumar,mayank.kumar495@iit.ac.in,Male,M.Tech,1
2024MA00583,Rohan Tripathi,rohan.tripathi496@iit.ac.in,Male,B.Tech,2
2023CH00584,Meera Joshi,meera.joshi497@iit.ac.in,Female,B.Tech,3
2021CH00585,Sneha Tiwari,sneha.tiwari498@iit.ac.in,Female,PhD,5
2024CE00586,Krishna Patel,krishna.patel499@iit.ac.in,Male,M.Tech,2
2022ME00587,Komal Saxena,komal.saxena500@iit.ac.in,Female,PhD,4